lat,lng,desc,zip,title,timeStamp,twp,addr,e
40.1598196,-75.2884364,WENTZ RD & SILO CIR;  WHITPAIN; Station 385; 2016-02-10 @ 21:31:22;,19422,EMS: FALL VICTIM,2/10/2016 21:31,WHITPAIN,WENTZ RD & SILO CIR,1
40.2158673,-75.3377981,SUNNY AYRE DR & MANN RD;  WORCESTER; Station 336; 2016-02-10 @ 21:38:53;,19446,EMS: FEVER,2/10/2016 21:38,WORCESTER,SUNNY AYRE DR & MANN RD,1
40.1185736,-75.1898632,INTEGRITY AVE & WALNUT AVE;  SPRINGFIELD; Station 311; 2016-02-10 @ 21:43:58;,19075,EMS: GENERAL WEAKNESS,2/10/2016 21:43,SPRINGFIELD,INTEGRITY AVE & WALNUT AVE,1
40.121445,-75.0900854,SHARON RD & HERBERT RD;  ABINGTON; Station 381; 2016-02-10 @ 21:47:50;,19046,EMS: FALL VICTIM,2/10/2016 21:47,ABINGTON,SHARON RD & HERBERT RD,1
40.172526,-75.2846533,DEKALB PIKE & BLUE BELL SPRINGS DR;  WHITPAIN; Station 385; 2016-02-10 @ 21:50:06;,19422,EMS: HEAD INJURY,2/10/2016 21:50,WHITPAIN,DEKALB PIKE & BLUE BELL SPRINGS DR,1
40.0827599,-75.1194993,TOWNSHIP LINE RD & FORREST AVE; ABINGTON; 2016-02-10 @ 21:47:44;,19027,Traffic: VEHICLE ACCIDENT -,2/10/2016 21:47,ABINGTON,TOWNSHIP LINE RD & FORREST AVE,1
40.117605,-75.120243,OLD YORK RD & HORACE AVE;  ABINGTON; Station 381; 2016-02-10 @ 21:53:52;,19001,EMS: CARDIAC EMERGENCY,2/10/2016 21:53,ABINGTON,OLD YORK RD & HORACE AVE,1
40.0809293,-75.1163923,TOWNSHIP LINE RD;  ABINGTON; Station 382; 2016-02-10 @ 21:51:33;,19001,EMS: VEHICLE ACCIDENT,2/10/2016 21:51,ABINGTON,TOWNSHIP LINE RD,1
40.2440656,-75.6146616,HIGH ST;  POTTSTOWN; Station 329; 2016-02-10 @ 21:59:08;,19464,EMS: CARDIAC EMERGENCY,2/10/2016 21:59,POTTSTOWN,HIGH ST,1
40.2582531,-75.2482301,BETHLEHEM PIKE & TAYLOR RD;  MONTGOMERY; Station 345; 2016-02-10 @ 22:05:38;,19446,EMS: ALLERGIC REACTION,2/10/2016 22:05,MONTGOMERY,BETHLEHEM PIKE & TAYLOR RD,1
40.227468,-75.2828395,STATION SQUARE BLVD & PENNBROOK PKWY;  UPPER GWYNEDD; Station 345B; 2016-02-10 @ 22:03:27;,19446,EMS: RESPIRATORY EMERGENCY,2/10/2016 22:03,UPPER GWYNEDD,STATION SQUARE BLVD & PENNBROOK PKWY,1
40.3284017,-75.4152811,RIDGE RD & BELTZ RD;  SALFORD; Station 344A; 2016-02-10 @ 22:02:48;,18969,EMS: ALLERGIC REACTION,2/10/2016 22:02,SALFORD,RIDGE RD & BELTZ RD,1
40.0812601,-75.1370254,LIMEKILN PIKE & RT309 EXPY SB;  CHELTENHAM; Station 358A; 2016-02-10 @ 22:01:53;,,EMS: SEIZURES,2/10/2016 22:01,CHELTENHAM,LIMEKILN PIKE & RT309 EXPY SB,1
40.079761,-75.2561115,HARTS LN & CHERRYDALE DR; WHITEMARSH; 2016-02-10 @ 22:01:51;,19444,Traffic: VEHICLE ACCIDENT -,2/10/2016 22:01,WHITEMARSH,HARTS LN & CHERRYDALE DR,1
40.1299553,-75.340577,HARDING BLVD;  NORRISTOWN; Station 308A; 2016-02-10 @ 22:09:35;,19401,EMS: NAUSEA/VOMITING,2/10/2016 22:09,NORRISTOWN,HARDING BLVD,1
40.3284017,-75.4152811,RIDGE RD & BELTZ RD; SALFORD; 2016-02-10 @ 22:09:00;,18969,Traffic: ROAD OBSTRUCTION -,2/10/2016 22:09,SALFORD,RIDGE RD & BELTZ RD,1
40.1506748,-75.1326521,MORELAND RD & BARTRAM RD;  UPPER MORELAND; Station 381; 2016-02-10 @ 22:15:46;,19090,EMS: GENERAL WEAKNESS,2/10/2016 22:15,UPPER MORELAND,MORELAND RD & BARTRAM RD,1
40.1546886,-75.2957444,MEADOW DR & WICK LN;  WHITPAIN; Station 385; 2016-02-10 @ 22:12:52;,19422,EMS: SYNCOPAL EPISODE,2/10/2016 22:12,WHITPAIN,MEADOW DR & WICK LN,1
40.120312,-75.357072,MAIN ST & NOBLE ST;  NORRISTOWN; Station 308A; 2016-02-10 @ 22:16:48;,19401,EMS: CARDIAC EMERGENCY,2/10/2016 22:16,NORRISTOWN,MAIN ST & NOBLE ST,1
40.12524,-75.3539632,BUTTONWOOD ST & W OAK ST;  NORRISTOWN; Station 308A; 2016-02-10 @ 22:20:27;,19401,EMS: DIZZINESS,2/10/2016 22:20,NORRISTOWN,BUTTONWOOD ST & W OAK ST,1
40.2679402,-75.6684604,SELL RD & MANATAWNY ST; WEST POTTSGROVE; 2016-02-10 @ 22:17:53-Station:STA57;,19464,Fire: BUILDING FIRE,2/10/2016 22:17,WEST POTTSGROVE,SELL RD & MANATAWNY ST,1
40.006362,-75.262515,ESSEX AVE & WINDSOR AVE;  NARBERTH; Station 313; 2016-02-10 @ 22:24:32;,19072,EMS: BACK PAINS/INJURY,2/10/2016 22:24,NARBERTH,ESSEX AVE & WINDSOR AVE,1
40.13602,-75.354606,BEECH DR & SPRUCE ST;  WEST NORRITON; Station 308B; 2016-02-10 @ 22:28:30;,19403,EMS: SUBJECT IN PAIN,2/10/2016 22:28,WEST NORRITON,BEECH DR & SPRUCE ST,1
40.1507107,-75.0552739,HUNTINGDON PIKE & RR UNDERPASS;  LOWER MORELAND; Station 355; 2016-02-10 @ 22:58:27;,,EMS: DIZZINESS,2/10/2016 22:58,LOWER MORELAND,HUNTINGDON PIKE & RR UNDERPASS,1
40.1154014,-75.3374519,MARSHALL ST & ARCH ST;  NORRISTOWN; Station 308A; 2016-02-10 @ 23:04:40;,19401,EMS: FALL VICTIM,2/10/2016 23:04,NORRISTOWN,MARSHALL ST & ARCH ST,1
40.3282219,-75.3313618,HAMILTON ST & E RIDGE AVE;  TELFORD; Station 339; 2016-02-10 @ 23:04:04;,18969,EMS: SUBJECT IN PAIN,2/10/2016 23:04,TELFORD,HAMILTON ST & E RIDGE AVE,1
40.0725214,-75.1109236,THOMSON RD & MEADE RD;  CHELTENHAM; Station 358; 2016-02-10 @ 23:35:32;,19027,EMS: GENERAL WEAKNESS,2/10/2016 23:35,CHELTENHAM,THOMSON RD & MEADE RD,1
40.2346603,-75.5377006,PADDINGTON TER & ST ANDREWS BLVD;  LIMERICK; Station 324A; 2016-02-10 @ 23:34:49;,19468,EMS: UNRESPONSIVE SUBJECT,2/10/2016 23:34,LIMERICK,PADDINGTON TER & ST ANDREWS BLVD,1
40.2563601,-75.6400219,CHARLOTTE ST & NIGHTINGALE ST; POTTSTOWN; 2016-02-10 @ 23:34:33;,19464,Traffic: VEHICLE ACCIDENT -,2/10/2016 23:34,POTTSTOWN,CHARLOTTE ST & NIGHTINGALE ST,1
40.0782759,-75.2498518,RIDGE PIKE & BARREN HILL RD;  WHITEMARSH; Station 318; 2016-02-10 @ 23:41:45;,19444,EMS: RESPIRATORY EMERGENCY,2/10/2016 23:41,WHITEMARSH,RIDGE PIKE & BARREN HILL RD,1
40.2470021,-75.6525972,KING ST & N YORK ST;  POTTSTOWN; Station 329; 2016-02-10 @ 23:44:52;,19464,EMS: UNRESPONSIVE SUBJECT,2/10/2016 23:44,POTTSTOWN,KING ST & N YORK ST,1
40.0368337,-75.2812258,YOUNGS FORD PL & YOUNGS FORD RD; LOWER MERION; 2016-02-10 @ 23:50:07-Station:STA24;,19035,Fire: FIRE ALARM,2/10/2016 23:50,LOWER MERION,YOUNGS FORD PL & YOUNGS FORD RD,1
40.1022274,-75.3915443,VALLEY FORGE RD & GENERAL STEUBEN RD;  UPPER MERION; Station 317; 2016-02-11 @ 00:09:04;,19406,EMS: SUBJECT IN PAIN,2/11/2016 0:09,UPPER MERION,VALLEY FORGE RD & GENERAL STEUBEN RD,1
40.2649583,-75.2940536,ORVILLA RD; BUCKS COUNTY; 2016-02-11 @ 00:24:45-Station:STA12;,,Fire: VEHICLE FIRE,2/11/2016 0:24,BUCKS COUNTY,ORVILLA RD,1
40.2888607,-75.2677526,ORVILLA RD & BETHLEHEM PIKE; BUCKS COUNTY; 2016-02-11 @ 00:24:53;,19440,Traffic: VEHICLE FIRE -,2/11/2016 0:24,BUCKS COUNTY,ORVILLA RD & BETHLEHEM PIKE,1
40.1196045,-75.2849004,GERMANTOWN PIKE & ATRIUM WAY;  PLYMOUTH; Station 308; 2016-02-11 @ 00:34:46;,19462,EMS: CARDIAC EMERGENCY,2/11/2016 0:34,PLYMOUTH,GERMANTOWN PIKE & ATRIUM WAY,1
40.3351752,-75.4650442,WALNUT ST & 5TH ST;  GREEN LANE; Station 344A; 2016-02-11 @ 00:47:04;,18054,EMS: FALL VICTIM,2/11/2016 0:47,GREEN LANE,WALNUT ST & 5TH ST,1
40.1175633,-75.1529141,JACKSON AVE & WOODROW AVE;  ABINGTON; Station 383; 2016-02-11 @ 00:51:49;,19038,EMS: FALL VICTIM,2/11/2016 0:51,ABINGTON,JACKSON AVE & WOODROW AVE,1
40.2124919,-75.6250067,CEDARVILLE RD & SCHOOLHOUSE RD;  CHESTER COUNTY; Station 3A84; 2016-02-11 @ 01:06:51;,19465,EMS: RESPIRATORY EMERGENCY,2/11/2016 1:06,CHESTER COUNTY,CEDARVILLE RD & SCHOOLHOUSE RD,1
40.2101703,-75.2174953,LOWER STATE RD & SQUIRE DR;  HORSHAM; Station 352; 2016-02-11 @ 01:45:40;,19002,EMS: RESPIRATORY EMERGENCY,2/11/2016 1:45,HORSHAM,LOWER STATE RD & SQUIRE DR,1
40.120312,-75.357072,MAIN ST & NOBLE ST; NORRISTOWN; 2016-02-11 @ 01:43:45-Station:STA27;,19401,Fire: FIRE INVESTIGATION,2/11/2016 1:43,NORRISTOWN,MAIN ST & NOBLE ST,1
40.1524351,-75.1356188,WELSH RD & CARLSON DR;  UPPER MORELAND; Station 381; 2016-02-11 @ 01:42:46;,19090,EMS: SUBJECT IN PAIN,2/11/2016 1:42,UPPER MORELAND,WELSH RD & CARLSON DR,1
40.0666322,-75.1436105,CHELSEA RD & EUSTON RD;  CHELTENHAM; Station 358; 2016-02-11 @ 01:47:39;,19027,EMS: CARDIAC EMERGENCY,2/11/2016 1:47,CHELTENHAM,CHELSEA RD & EUSTON RD,1
40.1175633,-75.1529141,JACKSON AVE & WOODROW AVE;  ABINGTON; Station 383; 2016-02-11 @ 01:53:12;,19038,EMS: ALTERED MENTAL STATUS,2/11/2016 1:53,ABINGTON,JACKSON AVE & WOODROW AVE,1
40.0798076,-75.3481998,CROOKED LN & SCHOOL LINE DR; UPPER MERION; 2016-02-11 @ 01:54:41;,19406,Traffic: DISABLED VEHICLE -,2/11/2016 1:54,UPPER MERION,CROOKED LN & SCHOOL LINE DR,1
40.155827,-75.3652085,GERMANTOWN PIKE & BRIDLE PATH RD;  EAST NORRITON; Station 308B; 2016-02-11 @ 02:28:23;,19403,EMS: CARDIAC EMERGENCY,2/11/2016 2:28,EAST NORRITON,GERMANTOWN PIKE & BRIDLE PATH RD,1
40.232931,-75.6164082,ARMAND HAMMER BLVD & RAMP RT422 EB TO ARMAND HAMMER BLVD; LOWER POTTSGROVE; 2016-02-11 @ 02:43:02-Station:STA58;,19464,Fire: FIRE ALARM,2/11/2016 2:43,LOWER POTTSGROVE,ARMAND HAMMER BLVD & RAMP RT422 EB TO ARMAND HAMMER BLVD,1
40.1218989,-75.2886415,GERMANTOWN PIKE & WALTON RD;  PLYMOUTH; Station 308; 2016-02-11 @ 02:59:58;,19462,EMS: FALL VICTIM,2/11/2016 2:59,PLYMOUTH,GERMANTOWN PIKE & WALTON RD,1
40.033578,-75.2670955,SCHUYLKILL EXPY & CONSHOHOCKEN STATE UNDERPASS;  LOWER MERION; Station 313; 2016-02-11 @ 03:00:42;,,EMS: UNKNOWN MEDICAL EMERGENCY,2/11/2016 3:00,LOWER MERION,SCHUYLKILL EXPY & CONSHOHOCKEN STATE UNDERPASS,1
40.251197,-75.3281054,MARSHALL CT & MORGANDALE DR;  TOWAMENCIN; Station 345B; 2016-02-11 @ 03:08:29;,19446,EMS: RESPIRATORY EMERGENCY,2/11/2016 3:08,TOWAMENCIN,MARSHALL CT & MORGANDALE DR,1
40.1338369,-75.4598684,EGYPT RD & HIGHLAND AVE;  UPPER PROVIDENCE; Station 322A; 2016-02-11 @ 03:15:32;,19460,EMS: RESPIRATORY EMERGENCY,2/11/2016 3:15,UPPER PROVIDENCE,EGYPT RD & HIGHLAND AVE,1
40.1218989,-75.2886415,GERMANTOWN PIKE & WALTON RD;  PLYMOUTH; Station 308; 2016-02-11 @ 03:31:28;,19462,EMS: CARDIAC EMERGENCY,2/11/2016 3:31,PLYMOUTH,GERMANTOWN PIKE & WALTON RD,1
40.121497,-75.3399048,MINOR ST & MIN ALY;  NORRISTOWN; Station 308A; 2016-02-11 @ 03:32:57;,,EMS: RESPIRATORY EMERGENCY,2/11/2016 3:32,NORRISTOWN,MINOR ST & MIN ALY,1
40.0249667,-75.2829046,SCHUYLKILL EXPY & BELMONT AVE UNDERPASS; LOWER MERION; 2016-02-11 @ 03:55:59;,,Traffic: VEHICLE ACCIDENT -,2/11/2016 3:55,LOWER MERION,SCHUYLKILL EXPY & BELMONT AVE UNDERPASS,1
40.1053544,-75.1305149,GLEN RD & WINDING RD;  ABINGTON; Station 382; 2016-02-11 @ 04:08:04;,19046,EMS: FALL VICTIM,2/11/2016 4:08,ABINGTON,GLEN RD & WINDING RD,1
40.2493611,-75.6400367,LINCOLN AVE & HALE ST;  POTTSTOWN; Station 329; 2016-02-11 @ 04:27:32;,19464,EMS: HEAD INJURY,2/11/2016 4:27,POTTSTOWN,LINCOLN AVE & HALE ST,1
40.117605,-75.120243,OLD YORK RD & HORACE AVE;  ABINGTON; Station 381; 2016-02-11 @ 04:31:11;,19001,EMS: NAUSEA/VOMITING,2/11/2016 4:31,ABINGTON,OLD YORK RD & HORACE AVE,1
40.2903299,-75.3675755,MAPLEWOOD DR & SCHOOLHOUSE RD;  FRANCONIA; Station 344; 2016-02-11 @ 04:32:57;,19438,EMS: HEAD INJURY,2/11/2016 4:32,FRANCONIA,MAPLEWOOD DR & SCHOOLHOUSE RD,1
40.1192425,-75.3388066,DEKALB ST & E JACOBY ST;  NORRISTOWN; Station 308A; 2016-02-11 @ 05:00:51;,19401,EMS: SUBJECT IN PAIN,2/11/2016 5:00,NORRISTOWN,DEKALB ST & E JACOBY ST,1
40.1824917,-75.0971725,JACKSONVILLE RD & MEADOWBROOK AVE;  HATBORO; Station 384; 2016-02-11 @ 05:26:24;,19040,EMS: GENERAL WEAKNESS,2/11/2016 5:26,HATBORO,JACKSONVILLE RD & MEADOWBROOK AVE,1
40.2290075,-75.3878525,NO LOCATION - NEIGHBORING COUNTY;  CHESTER COUNTY; Station EMS; 2016-02-11 @ 05:36:50;,,EMS: VEHICLE ACCIDENT,2/11/2016 5:36,CHESTER COUNTY,NO LOCATION - NEIGHBORING COUNTY,1
40.1007482,-75.2151078,WISSAHICKON AVE & ROSE LN;  SPRINGFIELD; Station 311; 2016-02-11 @ 05:44:50;,19031,EMS: HEAD INJURY,2/11/2016 5:44,SPRINGFIELD,WISSAHICKON AVE & ROSE LN,1
40.1166295,-75.3450779,AIRY ST & FRANKLIN ALY;  NORRISTOWN; Station 308A; 2016-02-11 @ 05:42:06;,19401,EMS: HEMORRHAGING,2/11/2016 5:42,NORRISTOWN,AIRY ST & FRANKLIN ALY,1
40.1207169,-75.0748772,WELSH RD; LOWER MORELAND; 2016-02-11 @ 05:41:21-Station:STA8;,,Fire: VEHICLE FIRE,2/11/2016 5:41,LOWER MORELAND,WELSH RD,1
40.1114022,-75.0554708,WELSH RD & HIGH RD; LOWER MORELAND; 2016-02-11 @ 05:41:19;,19006,Traffic: VEHICLE FIRE -,2/11/2016 5:41,LOWER MORELAND,WELSH RD & HIGH RD,1
,-75.1422046,WASHINGTON LN & W CHURCH RD;  CHELTENHAM; Station 358A; 2016-02-11 @ 05:49:18;,19095,EMS: RESPIRATORY EMERGENCY,2/11/2016 5:49,CHELTENHAM,WASHINGTON LN & W CHURCH RD,1
,-75.4591812,LEXINGTON RD & SALEM RD; PERKIOMEN; 2016-02-11 @ 06:04:00-Station:STA66;,19473,Fire: FIRE INVESTIGATION,2/11/2016 6:04,PERKIOMEN,LEXINGTON RD & SALEM RD,1
,-75.2829046,SCHUYLKILL EXPY WB; LOWER MERION; 2016-02-11 @ 06:09:23-Station:STA22;,,Fire: VEHICLE FIRE,2/11/2016 6:09,LOWER MERION,SCHUYLKILL EXPY WB,1
,-75.2829046,SCHUYLKILL EXPY WB & BELMONT AVE UNDERPASS; LOWER MERION; 2016-02-11 @ 06:09:28;,,Traffic: VEHICLE FIRE -,2/11/2016 6:09,LOWER MERION,SCHUYLKILL EXPY WB & BELMONT AVE UNDERPASS,1
,-75.6165024,WILSON ST & ROSEDALE DR; POTTSTOWN; 2016-02-11 @ 06:07:11;,19464,Traffic: DISABLED VEHICLE -,2/11/2016 6:07,POTTSTOWN,WILSON ST & ROSEDALE DR,1
,-75.3108737,HANNAH AVE & E GERMANTOWN PIKE;  EAST NORRITON; Station 308; 2016-02-11 @ 06:15:38;,19401,EMS: OVERDOSE,2/11/2016 6:15,EAST NORRITON,HANNAH AVE & E GERMANTOWN PIKE,1
,-75.1274376,FITZWATERTOWN RD & BARTRAM RD;  UPPER MORELAND; Station 381; 2016-02-11 @ 06:20:29;,19090,EMS: CARDIAC EMERGENCY,2/11/2016 6:20,UPPER MORELAND,FITZWATERTOWN RD & BARTRAM RD,1
,-75.3552798,MAIN ST & KNOX ST;  NORRISTOWN; Station 308A; 2016-02-11 @ 06:21:59;,19401,EMS: MATERNITY,2/11/2016 6:21,NORRISTOWN,MAIN ST & KNOX ST,1
,-75.3721583,W MAIN ST & N WHITEHALL RD; WEST NORRITON; 2016-02-11 @ 06:24:43;,19403,Traffic: DISABLED VEHICLE -,2/11/2016 6:24,WEST NORRITON,W MAIN ST & N WHITEHALL RD,1
,-75.3721583,W MAIN ST & N WHITEHALL RD; WEST NORRITON; 2016-02-11 @ 06:24:46;,19403,Traffic: DISABLED VEHICLE -,2/11/2016 6:24,WEST NORRITON,W MAIN ST & N WHITEHALL RD,1
,-75.3721583,W MAIN ST & N WHITEHALL RD; WEST NORRITON; 2016-02-11 @ 06:25:11;,19403,Traffic: DISABLED VEHICLE -,2/11/2016 6:25,WEST NORRITON,W MAIN ST & N WHITEHALL RD,1
,-75.2829046,SCHUYLKILL EXPY & RAMP BELMONT AVE TO I76 WB; LOWER MERION; 2016-02-11 @ 06:09:28;,,Traffic: VEHICLE FIRE -,2/11/2016 6:09,LOWER MERION,SCHUYLKILL EXPY & RAMP BELMONT AVE TO I76 WB,1
,-75.681899,RAMP RT422 WB TO S GROSSTOWN RD & RT422 BYP WB; WEST POTTSGROVE; 2016-02-11 @ 06:29:56;,,Traffic: VEHICLE ACCIDENT -,2/11/2016 6:29,WEST POTTSGROVE,RAMP RT422 WB TO S GROSSTOWN RD & RT422 BYP WB,1
,-75.3491971,LANCASTER AVE & N SPRING MILL RD;  DELAWARE COUNTY; Station EMS; 2016-02-11 @ 06:35:15;,19085,EMS: RESPIRATORY EMERGENCY,2/11/2016 6:35,DELAWARE COUNTY,LANCASTER AVE & N SPRING MILL RD,1
,-75.3569152,ROSS RD & W BORO LINE RD; BRIDGEPORT; 2016-02-11 @ 06:35:58;,19406,Traffic: DISABLED VEHICLE -,2/11/2016 6:35,BRIDGEPORT,ROSS RD & W BORO LINE RD,1
,-75.3569152,ROSS RD & W BORO LINE RD; BRIDGEPORT; 2016-02-11 @ 06:34:48;,19406,Traffic: DISABLED VEHICLE -,2/11/2016 6:34,BRIDGEPORT,ROSS RD & W BORO LINE RD,1
,-75.3569152,ROSS RD & W BORO LINE RD; BRIDGEPORT; 2016-02-11 @ 06:44:12;,19406,Traffic: DISABLED VEHICLE -,2/11/2016 6:44,BRIDGEPORT,ROSS RD & W BORO LINE RD,1
,-75.3632403,ROSS RD & SPRING LN; UPPER MERION; 2016-02-11 @ 06:34:48;,19406,Traffic: DISABLED VEHICLE -,2/11/2016 6:34,UPPER MERION,ROSS RD & SPRING LN,1
,-75.3632403,ROSS RD & SPRING LN; UPPER MERION; 2016-02-11 @ 06:35:58;,19406,Traffic: DISABLED VEHICLE -,2/11/2016 6:35,UPPER MERION,ROSS RD & SPRING LN,1
,-75.3632403,ROSS RD & SPRING LN; UPPER MERION; 2016-02-11 @ 06:44:12;,19406,Traffic: DISABLED VEHICLE -,2/11/2016 6:44,UPPER MERION,ROSS RD & SPRING LN,1
,-75.6819588,RT422 BYP WB & RAMP RT422 WB TO S GROSSTOWN RD; WEST POTTSGROVE; 2016-02-11 @ 06:29:56;,19464,Traffic: VEHICLE ACCIDENT -,2/11/2016 6:29,WEST POTTSGROVE,RT422 BYP WB & RAMP RT422 WB TO S GROSSTOWN RD,1
,-75.284806,TWIN OAKS DR & GLEN ARBOR DR;  LOWER MERION; Station 313; 2016-02-11 @ 06:54:51;,19096,EMS: UNRESPONSIVE SUBJECT,2/11/2016 6:54,LOWER MERION,TWIN OAKS DR & GLEN ARBOR DR,1
,-75.3491971,LANCASTER AVE & N SPRING MILL RD; DELAWARE COUNTY; 2016-02-11 @ 06:58:30-Station:STA23;,19085,Fire: CARBON MONOXIDE DETECTOR,2/11/2016 6:58,DELAWARE COUNTY,LANCASTER AVE & N SPRING MILL RD,1
,-75.1333253,HORSHAM RD & DRESHER RD; HORSHAM; 2016-02-11 @ 06:57:28;,19044,Traffic: VEHICLE ACCIDENT -,2/11/2016 6:57,HORSHAM,HORSHAM RD & DRESHER RD,1
,-75.3895673,DEKALB PIKE & KIRK AVE; UPPER MERION; 2016-02-11 @ 07:07:22;,19406,Traffic: VEHICLE ACCIDENT -,2/11/2016 7:07,UPPER MERION,DEKALB PIKE & KIRK AVE,1
,-75.3995896,MAIN ST & OLD SUMNEYTOWN PIKE;  LOWER SALFORD; Station 344; 2016-02-11 @ 07:18:24;,19438,EMS: FALL VICTIM,2/11/2016 7:18,LOWER SALFORD,MAIN ST & OLD SUMNEYTOWN PIKE,1
,-75.3399048,BUTTONWOOD ST & DEAD END;  NORRISTOWN; Station 308A; 2016-02-11 @ 07:25:10;,,EMS: DIZZINESS,2/11/2016 7:25,NORRISTOWN,BUTTONWOOD ST & DEAD END,1
,-75.4068754,MENSCH RD & CARRIAGE DR;  SKIPPACK; Station 336; 2016-02-11 @ 07:21:56;,19473,EMS: SYNCOPAL EPISODE,2/11/2016 7:21,SKIPPACK,MENSCH RD & CARRIAGE DR,1
,-75.3310962,SUMMIT ST & COLONIAL AVE;  FRANCONIA; Station 339; 2016-02-11 @ 07:34:07;,18964,EMS: RESPIRATORY EMERGENCY,2/11/2016 7:34,FRANCONIA,SUMMIT ST & COLONIAL AVE,1
,-75.1371067,WEST AVE & GREENWOOD AVE; JENKINTOWN; 2016-02-11 @ 07:32:56-Station:STA96;,19046,Fire: FIRE INVESTIGATION,2/11/2016 7:32,JENKINTOWN,WEST AVE & GREENWOOD AVE,1
,-75.2843624,BOULDER RD & SIERRA RD;  PLYMOUTH; Station 308; 2016-02-11 @ 07:44:37;,19462,EMS: RESPIRATORY EMERGENCY,2/11/2016 7:44,PLYMOUTH,BOULDER RD & SIERRA RD,1
,-75.127689,OLD YORK RD & MEETINGHOUSE RD;  CHELTENHAM; Station 358; 2016-02-11 @ 07:43:54;,19027,EMS: GENERAL WEAKNESS,2/11/2016 7:43,CHELTENHAM,OLD YORK RD & MEETINGHOUSE RD,1
,-75.3489018,W MAIN ST & MARKLEY ST; NORRISTOWN; 2016-02-11 @ 07:51:23;,19401,Traffic: VEHICLE ACCIDENT -,2/11/2016 7:51,NORRISTOWN,W MAIN ST & MARKLEY ST,1
,-75.4927278,RT422  & TROUTMAN RD UNDERPASS; UPPER PROVIDENCE; 2016-02-11 @ 07:54:08;,,Traffic: VEHICLE ACCIDENT -,2/11/2016 7:54,UPPER PROVIDENCE,RT422  & TROUTMAN RD UNDERPASS,1
,-75.5221245,PRIMROSE LN & DEAD END;  LIMERICK; Station 324A; 2016-02-11 @ 08:00:45;,19468,EMS: FALL VICTIM,2/11/2016 8:00,LIMERICK,PRIMROSE LN & DEAD END,1
,-75.3416729,HARDING BLVD & W FORNANCE ST; NORRISTOWN; 2016-02-11 @ 07:58:18;,19401,Traffic: VEHICLE ACCIDENT -,2/11/2016 7:58,NORRISTOWN,HARDING BLVD & W FORNANCE ST,1
,-75.3467522,ASTOR ST & W OAK ST;  NORRISTOWN; Station 308A; 2016-02-11 @ 08:15:27;,19401,EMS: DIABETIC EMERGENCY,2/11/2016 8:15,NORRISTOWN,ASTOR ST & W OAK ST,1
,-75.4257324,EVANSBURG RD & REAGAN DR;  SKIPPACK; Station 336; 2016-02-11 @ 08:12:12;,19426,EMS: SYNCOPAL EPISODE,2/11/2016 8:12,SKIPPACK,EVANSBURG RD & REAGAN DR,1
,-75.5530455,ENTERPRISE DR & S REED RD;  LIMERICK; Station 324A; 2016-02-11 @ 08:18:49;,19468,EMS: CARDIAC EMERGENCY,2/11/2016 8:18,LIMERICK,ENTERPRISE DR & S REED RD,1
,-75.5951188,HIGH ST & HAUSE AVE; LOWER POTTSGROVE; 2016-02-11 @ 08:18:06;,19464,Traffic: DISABLED VEHICLE -,2/11/2016 8:18,LOWER POTTSGROVE,HIGH ST & HAUSE AVE,1
,-75.2498518,RIDGE PIKE & BARREN HILL RD; WHITEMARSH; 2016-02-11 @ 08:16:00;,19444,Traffic: VEHICLE ACCIDENT -,2/11/2016 8:16,WHITEMARSH,RIDGE PIKE & BARREN HILL RD,1
,-75.102912,EARL LN & MADISON AVE;  HATBORO; Station 384; 2016-02-11 @ 08:25:52;,19040,EMS: RESPIRATORY EMERGENCY,2/11/2016 8:25,HATBORO,EARL LN & MADISON AVE,1
,-75.4982005,BLACK ROCK RD & S TRAPPE RD;  UPPER PROVIDENCE; Station 325; 2016-02-11 @ 08:21:45;,19468,EMS: FALL VICTIM,2/11/2016 8:21,UPPER PROVIDENCE,BLACK ROCK RD & S TRAPPE RD,1
,-75.2456385,GWYNMONT CIR & OVAL LN;  MONTGOMERY; Station 345A; 2016-02-11 @ 08:24:00;,19454,EMS: SYNCOPAL EPISODE,2/11/2016 8:24,MONTGOMERY,GWYNMONT CIR & OVAL LN,1
,-75.2553794,BETHLEHEM PIKE & WALNUT ST; HATFIELD TOWNSHIP; 2016-02-11 @ 08:26:22;,18915,Traffic: VEHICLE ACCIDENT -,2/11/2016 8:26,HATFIELD TOWNSHIP,BETHLEHEM PIKE & WALNUT ST,1
,-75.2678131,MORRIS RD;  WHITPAIN; Station 385; 2016-02-11 @ 08:28:45;,,EMS: VEHICLE ACCIDENT,2/11/2016 8:28,WHITPAIN,MORRIS RD,1
,-75.2678131,MORRIS RD; WHITPAIN; 2016-02-11 @ 08:28:32-Station:STA33;,,Fire: VEHICLE ACCIDENT,2/11/2016 8:28,WHITPAIN,MORRIS RD,1
,-75.3126075,DEKALB PIKE & W GERMANTOWN PIKE; EAST NORRITON; 2016-02-11 @ 08:28:56;,19401,Traffic: VEHICLE ACCIDENT -,2/11/2016 8:28,EAST NORRITON,DEKALB PIKE & W GERMANTOWN PIKE,1
,-75.2480435,MORRIS RD & PINECROFT PL; WHITPAIN; 2016-02-11 @ 08:28:09;,19422,Traffic: VEHICLE ACCIDENT -,2/11/2016 8:28,WHITPAIN,MORRIS RD & PINECROFT PL,1
,-75.2503657,TOWNSHIP LINE RD & PENLLYN BLUE BELL PIKE; WHITPAIN; 2016-02-11 @ 08:28:27;,19422,Traffic: VEHICLE ACCIDENT -,2/11/2016 8:28,WHITPAIN,TOWNSHIP LINE RD & PENLLYN BLUE BELL PIKE,1
,-75.4545861,2ND AVE & FREELAND DR; COLLEGEVILLE; 2016-02-11 @ 08:31:30;,19426,Traffic: VEHICLE ACCIDENT -,2/11/2016 8:31,COLLEGEVILLE,2ND AVE & FREELAND DR,1
,-75.244877,FOX HOUND DR & MARBLE HL;  WHITEMARSH; Station 318; 2016-02-11 @ 08:32:50;,19444,EMS: CVA/STROKE,2/11/2016 8:32,WHITEMARSH,FOX HOUND DR & MARBLE HL,1
,-75.5319512,CHURCH ST & N 9TH AVE; ROYERSFORD; 2016-02-11 @ 08:32:42;,19468,Traffic: ROAD OBSTRUCTION -,2/11/2016 8:32,ROYERSFORD,CHURCH ST & N 9TH AVE,1
,-75.2986821,MIRABEAU LN & SPRING MILL RD; LOWER MERION; 2016-02-11 @ 08:40:36-Station:STA24;,19035,Fire: FIRE ALARM,2/11/2016 8:40,LOWER MERION,MIRABEAU LN & SPRING MILL RD,1
,-75.5064231,WALNUT ST & NEEDLE ST;  UPPER PROVIDENCE; Station 3A85; 2016-02-11 @ 08:38:58;,19453,EMS: FALL VICTIM,2/11/2016 8:38,UPPER PROVIDENCE,WALNUT ST & NEEDLE ST,1
,-75.4084631,SHANNONDELL DR & SHANNONDELL BLVD;  LOWER PROVIDENCE; Station 322A; 2016-02-11 @ 08:39:35;,19403,EMS: MEDICAL ALERT ALARM,2/11/2016 8:39,LOWER PROVIDENCE,SHANNONDELL DR & SHANNONDELL BLVD,1
,-75.2246178,BETHLEHEM PIKE & WELSH RD; HORSHAM; 2016-02-11 @ 08:39:16;,19454,Traffic: VEHICLE ACCIDENT -,2/11/2016 8:39,HORSHAM,BETHLEHEM PIKE & WELSH RD,1
,-75.4277269,EVANSBURG RD & VINCENT DR; LOWER PROVIDENCE; 2016-02-11 @ 08:38:40;,19426,Traffic: VEHICLE ACCIDENT -,2/11/2016 8:38,LOWER PROVIDENCE,EVANSBURG RD & VINCENT DR,1
,-75.3108737,GERMANTOWN PIKE & HANNAH AVE;  EAST NORRITON; Station 308; 2016-02-11 @ 08:42:36;,19401,EMS: SYNCOPAL EPISODE,2/11/2016 8:42,EAST NORRITON,GERMANTOWN PIKE & HANNAH AVE,1
,-75.4084631,SHANNONDELL DR & SHANNONDELL BLVD; LOWER PROVIDENCE; 2016-02-11 @ 08:41:43-Station:STA53;,19403,Fire: FIRE INVESTIGATION,2/11/2016 8:41,LOWER PROVIDENCE,SHANNONDELL DR & SHANNONDELL BLVD,1
,-75.2246178,BETHLEHEM PIKE & WELSH RD; HORSHAM; 2016-02-11 @ 08:41:14;,19454,Traffic: VEHICLE ACCIDENT -,2/11/2016 8:41,HORSHAM,BETHLEHEM PIKE & WELSH RD,1
,-75.464161,KAGEY RD & FORGE RD;  PERKIOMEN; Station 324; 2016-02-11 @ 08:43:31;,19426,EMS: SYNCOPAL EPISODE,2/11/2016 8:43,PERKIOMEN,KAGEY RD & FORGE RD,1
,-75.4982005,YEAGER RD & S TRAPPE RD; UPPER PROVIDENCE; 2016-02-11 @ 08:43:44;,19468,Traffic: DISABLED VEHICLE -,2/11/2016 8:43,UPPER PROVIDENCE,YEAGER RD & S TRAPPE RD,1
,-75.1249119,BAEDER RD & OLD YORK RD; ABINGTON; 2016-02-11 @ 08:45:33;,19046,Traffic: VEHICLE ACCIDENT -,2/11/2016 8:45,ABINGTON,BAEDER RD & OLD YORK RD,1
,-75.3617596,DEKALB PIKE & IVY LN; UPPER MERION; 2016-02-11 @ 08:42:51;,19406,Traffic: VEHICLE ACCIDENT -,2/11/2016 8:42,UPPER MERION,DEKALB PIKE & IVY LN,1
,-75.4260264,BRIDGE RD & N GORSKI LN;  SKIPPACK; Station 336; 2016-02-11 @ 08:50:00;,19426,EMS: SUBJECT IN PAIN,2/11/2016 8:50,SKIPPACK,BRIDGE RD & N GORSKI LN,1
,-75.138325,GREENWOOD AVE & E GLENSIDE AVE; CHELTENHAM; 2016-02-11 @ 08:48:26;,19095,Traffic: VEHICLE ACCIDENT -,2/11/2016 8:48,CHELTENHAM,GREENWOOD AVE & E GLENSIDE AVE,1
,-75.3452579,WHITEHALL RD & WOODLAND AVE; EAST NORRITON; 2016-02-11 @ 08:50:12;,19403,Traffic: VEHICLE ACCIDENT -,2/11/2016 8:50,EAST NORRITON,WHITEHALL RD & WOODLAND AVE,1
,-75.1306067,OLD WELSH RD & LUKENS AVE; ABINGTON; 2016-02-11 @ 08:48:04;,19090,Traffic: VEHICLE ACCIDENT -,2/11/2016 8:48,ABINGTON,OLD WELSH RD & LUKENS AVE,1
,-75.2265429,W WELSH RD & DARDEN DR; LOWER GWYNEDD; 2016-02-11 @ 08:39:16;,19002,Traffic: VEHICLE ACCIDENT -,2/11/2016 8:39,LOWER GWYNEDD,W WELSH RD & DARDEN DR,1
,-75.2265429,W WELSH RD & DARDEN DR; LOWER GWYNEDD; 2016-02-11 @ 08:41:14;,19002,Traffic: VEHICLE ACCIDENT -,2/11/2016 8:41,LOWER GWYNEDD,W WELSH RD & DARDEN DR,1
,-75.4041588,WILLOWBROOK AVE & SCENIC DR;  LOWER SALFORD; Station 344; 2016-02-11 @ 08:52:34;,19438,EMS: ALTERED MENTAL STATUS,2/11/2016 8:52,LOWER SALFORD,WILLOWBROOK AVE & SCENIC DR,1
,-75.2289634,BETHLEHEM PIKE & HARTMAN RD; MONTGOMERY; 2016-02-11 @ 08:55:11;,19454,Traffic: VEHICLE ACCIDENT -,2/11/2016 8:55,MONTGOMERY,BETHLEHEM PIKE & HARTMAN RD,1
,-75.2887369,SUMNEYTOWN PIKE & SAMANTHA CT; UPPER GWYNEDD; 2016-02-11 @ 08:55:41;,,Traffic: VEHICLE ACCIDENT -,2/11/2016 8:55,UPPER GWYNEDD,SUMNEYTOWN PIKE & SAMANTHA CT,1
,-75.1081062,YORK RD & E LEHMAN AVE; HATBORO; 2016-02-11 @ 08:57:02-Station:STA95;,19040,Fire: FIRE ALARM,2/11/2016 8:57,HATBORO,YORK RD & E LEHMAN AVE,1
,-75.090625,MILL RD & LINDSAY LN; ABINGTON; 2016-02-11 @ 09:00:15;,19046,Traffic: DISABLED VEHICLE -,2/11/2016 9:00,ABINGTON,MILL RD & LINDSAY LN,1
,-75.1253492,59PD  ; ABINGTON; 2016-02-11 @ 08:58:29;,,Traffic: HAZARDOUS ROAD CONDITIONS -,2/11/2016 8:58,ABINGTON,59PD,1
,-75.2265429,WELSH RD & DARDEN DR; LOWER GWYNEDD; 2016-02-11 @ 08:41:14;,19002,Traffic: VEHICLE ACCIDENT -,2/11/2016 8:41,LOWER GWYNEDD,WELSH RD & DARDEN DR,1
,-75.2401008,BETHLEHEM PIKE;  MONTGOMERY; Station 345A; 2016-02-11 @ 09:04:22;,,EMS: VEHICLE ACCIDENT,2/11/2016 9:04,MONTGOMERY,BETHLEHEM PIKE,1
,-75.2843574,LANCASTER AVE & CHATHAM RD;  LOWER MERION; Station 313; 2016-02-11 @ 09:03:27;,19003,EMS: CARDIAC EMERGENCY,2/11/2016 9:03,LOWER MERION,LANCASTER AVE & CHATHAM RD,1
,-75.2819582,WALTON RD & APOLLO RD; PLYMOUTH; 2016-02-11 @ 09:04:53;,19462,Traffic: VEHICLE ACCIDENT -,2/11/2016 9:04,PLYMOUTH,WALTON RD & APOLLO RD,1
,-75.1945014,CAMP HILL RD & PENNSYLVANIA AVE; SPRINGFIELD; 2016-02-11 @ 09:09:47;,19034,Traffic: VEHICLE ACCIDENT -,2/11/2016 9:09,SPRINGFIELD,CAMP HILL RD & PENNSYLVANIA AVE,1
,-75.0553954,DALE RD & RED LION RD; LOWER MORELAND; 2016-02-11 @ 09:06:35;,19006,Traffic: VEHICLE ACCIDENT -,2/11/2016 9:06,LOWER MORELAND,DALE RD & RED LION RD,1
,-75.0600907,DALE RD; LOWER MORELAND; 2016-02-11 @ 09:12:04-Station:STA8;,19006,Fire: VEHICLE ACCIDENT,2/11/2016 9:12,LOWER MORELAND,DALE RD,1
,-75.5413058,4TH AVE & CHESTNUT ST;  ROYERSFORD; Station 325; 2016-02-11 @ 09:15:45;,19468,EMS: FRACTURE,2/11/2016 9:15,ROYERSFORD,4TH AVE & CHESTNUT ST,1
,-75.1431168,WELSH RD & BLAIR MILL RD;  HORSHAM; Station 352; 2016-02-11 @ 09:13:33;,19044,EMS: GENERAL WEAKNESS,2/11/2016 9:13,HORSHAM,WELSH RD & BLAIR MILL RD,1
,-75.3456522,LONGVIEW RD & LANTERN LN;  UPPER MERION; Station 317; 2016-02-11 @ 09:14:10;,19406,EMS: HEAD INJURY,2/11/2016 9:14,UPPER MERION,LONGVIEW RD & LANTERN LN,1
,-75.151099,EASTON RD & FAIRHILL AVE; ABINGTON; 2016-02-11 @ 09:15:46;,19038,Traffic: VEHICLE ACCIDENT -,2/11/2016 9:15,ABINGTON,EASTON RD & FAIRHILL AVE,1
,-75.074781,VALLEY RD & TERWOOD DR; LOWER MORELAND; 2016-02-11 @ 09:13:19;,19006,Traffic: HAZARDOUS ROAD CONDITIONS -,2/11/2016 9:13,LOWER MORELAND,VALLEY RD & TERWOOD DR,1
,-75.162236,SUSQUEHANNA RD & GREEN VALLEY CIR; UPPER DUBLIN; 2016-02-11 @ 09:15:08;,19025,Traffic: VEHICLE ACCIDENT -,2/11/2016 9:15,UPPER DUBLIN,SUSQUEHANNA RD & GREEN VALLEY CIR,1
,-75.1664603,SUSQUEHANNA RD & S LIMEKILN PIKE; UPPER DUBLIN; 2016-02-11 @ 09:12:46;,19034,Traffic: VEHICLE ACCIDENT -,2/11/2016 9:12,UPPER DUBLIN,SUSQUEHANNA RD & S LIMEKILN PIKE,1
,-75.4537974,3RD AVE & WALNUT ST;  COLLEGEVILLE; Station 324; 2016-02-11 @ 09:20:07;,19426,EMS: FALL VICTIM,2/11/2016 9:20,COLLEGEVILLE,3RD AVE & WALNUT ST,1
,-75.4548472,MAIN CAMPUS DR & E 5TH AVE;  COLLEGEVILLE; Station 324; 2016-02-11 @ 09:18:56;,19426,EMS: NAUSEA/VOMITING,2/11/2016 9:18,COLLEGEVILLE,MAIN CAMPUS DR & E 5TH AVE,1
,-75.11702,EASTON RD & CENTER AVE; UPPER MORELAND; 2016-02-11 @ 09:20:53;,19090,Traffic: VEHICLE ACCIDENT -,2/11/2016 9:20,UPPER MORELAND,EASTON RD & CENTER AVE,1
,-75.1536164,JENKINTOWN RD & EDGE HILL RD; ABINGTON; 2016-02-11 @ 09:16:26;,19038,Traffic: DISABLED VEHICLE -,2/11/2016 9:16,ABINGTON,JENKINTOWN RD & EDGE HILL RD,1
,-75.1220043,EASTON RD;  UPPER MORELAND; Station 381; 2016-02-11 @ 09:23:39;,,EMS: VEHICLE ACCIDENT,2/11/2016 9:23,UPPER MORELAND,EASTON RD,1
,-75.3296757,MORRIS RD;  WORCESTER; Station 336; 2016-02-11 @ 09:21:18;,,EMS: VEHICLE ACCIDENT,2/11/2016 9:21,WORCESTER,MORRIS RD,1
,-75.3296757,MORRIS RD; WORCESTER; 2016-02-11 @ 09:21:07-Station:STA83;,,Fire: VEHICLE ACCIDENT,2/11/2016 9:21,WORCESTER,MORRIS RD,1
,-75.2532805,GERMANTOWN PIKE & KERPER RD; WHITEMARSH; 2016-02-11 @ 09:21:07;,19444,Traffic: VEHICLE ACCIDENT -,2/11/2016 9:21,WHITEMARSH,GERMANTOWN PIKE & KERPER RD,1
,-75.3135129,SCHOOL LN & COLEMAN ST;  PLYMOUTH; Station 308; 2016-02-11 @ 09:23:09;,19462,EMS: FALL VICTIM,2/11/2016 9:23,PLYMOUTH,SCHOOL LN & COLEMAN ST,1
,-75.1736407,TWINING RD & FAIRWAY RD;  UPPER DUBLIN; Station 383; 2016-02-11 @ 09:24:18;,19075,EMS: FALL VICTIM,2/11/2016 9:24,UPPER DUBLIN,TWINING RD & FAIRWAY RD,1
,-75.2566905,BELL RUN BLVD & WELSH RD; MONTGOMERY; 2016-02-11 @ 09:25:34;,19454,Traffic: VEHICLE ACCIDENT -,2/11/2016 9:25,MONTGOMERY,BELL RUN BLVD & WELSH RD,1
,-75.0929138,HUNTINGDON PIKE & ROSELAND AVE; ABINGTON; 2016-02-11 @ 09:25:50;,19006,Traffic: VEHICLE ACCIDENT -,2/11/2016 9:25,ABINGTON,HUNTINGDON PIKE & ROSELAND AVE,1
,-75.115101,OLD YORK RD & OLD WELSH RD; ABINGTON; 2016-02-11 @ 09:22:15;,19001,Traffic: VEHICLE ACCIDENT -,2/11/2016 9:22,ABINGTON,OLD YORK RD & OLD WELSH RD,1
,-75.1177711,EASTON RD & CEDAR AVE; UPPER MORELAND; 2016-02-11 @ 09:20:53;,19090,Traffic: VEHICLE ACCIDENT -,2/11/2016 9:20,UPPER MORELAND,EASTON RD & CEDAR AVE,1
,-75.0929138,HUNTINGDON PIKE & ROSELAND AVE; ABINGTON; 2016-02-11 @ 09:27:13;,19006,Traffic: VEHICLE ACCIDENT -,2/11/2016 9:27,ABINGTON,HUNTINGDON PIKE & ROSELAND AVE,1
,-75.0847407,HUNTINGDON PIKE & MOREDON RD;  ABINGTON; Station 382; 2016-02-11 @ 09:27:48;,19006,EMS: FALL VICTIM,2/11/2016 9:27,ABINGTON,HUNTINGDON PIKE & MOREDON RD,1
,-75.2525197,BAIRD RD & HAZELHURST AVE; LOWER MERION; 2016-02-11 @ 09:30:01-Station:STA26;,19066,Fire: FIRE ALARM,2/11/2016 9:30,LOWER MERION,BAIRD RD & HAZELHURST AVE,1
,-75.2107603,E CITY AVE & PRESIDENTIAL BLVD; LOWER MERION; 2016-02-11 @ 09:29:42;,19004,Traffic: DISABLED VEHICLE -,2/11/2016 9:29,LOWER MERION,E CITY AVE & PRESIDENTIAL BLVD,1
,-75.1604842,LIMEKILN PIKE & EVERGREEN AVE; CHELTENHAM; 2016-02-11 @ 09:26:49;,19095,Traffic: DISABLED VEHICLE -,2/11/2016 9:26,CHELTENHAM,LIMEKILN PIKE & EVERGREEN AVE,1
,-75.1955063,W WELSH RD & TENNIS AVE; LOWER GWYNEDD; 2016-02-11 @ 09:30:18;,19002,Traffic: VEHICLE ACCIDENT -,2/11/2016 9:30,LOWER GWYNEDD,W WELSH RD & TENNIS AVE,1
,-75.3915443,VALLEY FORGE RD & GENERAL STEUBEN RD;  UPPER MERION; Station 317; 2016-02-11 @ 09:32:09;,19406,EMS: HEMORRHAGING,2/11/2016 9:32,UPPER MERION,VALLEY FORGE RD & GENERAL STEUBEN RD,1
,-75.636367,GRANDVIEW CIR & BRENTWOOD DR;  CHESTER COUNTY; Station 3A84; 2016-02-11 @ 09:33:09;,19465,EMS: RESPIRATORY EMERGENCY,2/11/2016 9:33,CHESTER COUNTY,GRANDVIEW CIR & BRENTWOOD DR,1
,-75.2829046,DAL RED  ; WHITPAIN; 2016-02-11 @ 09:35:05;,,Traffic: VEHICLE ACCIDENT -,2/11/2016 9:35,WHITPAIN,DAL RED,1
,-75.1636123,NORRISTOWN RD & WITMER RD; HORSHAM; 2016-02-11 @ 09:33:52;,19044,Traffic: VEHICLE ACCIDENT -,2/11/2016 9:33,HORSHAM,NORRISTOWN RD & WITMER RD,1
,-75.0907497,SHADY LN & N PENN AVE; ROCKLEDGE; 2016-02-11 @ 09:35:15;,19006,Traffic: VEHICLE ACCIDENT -,2/11/2016 9:35,ROCKLEDGE,SHADY LN & N PENN AVE,1
,-75.1291427,FLEMING AVE & CARVER AVE; ABINGTON; 2016-02-11 @ 09:33:30;,19090,Traffic: VEHICLE ACCIDENT -,2/11/2016 9:33,ABINGTON,FLEMING AVE & CARVER AVE,1
,-75.0552739,DAL RED  ; LOWER MORELAND; 2016-02-11 @ 09:35:05;,,Traffic: VEHICLE ACCIDENT -,2/11/2016 9:35,LOWER MORELAND,DAL RED,1
,-75.0726703,TERWOOD DR & WELSH RD; LOWER MORELAND; 2016-02-11 @ 09:36:03;,19006,Traffic: VEHICLE ACCIDENT -,2/11/2016 9:36,LOWER MORELAND,TERWOOD DR & WELSH RD,1
,-75.1955063,W WELSH RD & TENNIS AVE; LOWER GWYNEDD; 2016-02-11 @ 09:37:39;,19002,Traffic: VEHICLE ACCIDENT -,2/11/2016 9:37,LOWER GWYNEDD,W WELSH RD & TENNIS AVE,1
,-75.0552739,59PD  ; LOWER MORELAND; 2016-02-11 @ 08:58:29;,,Traffic: HAZARDOUS ROAD CONDITIONS -,2/11/2016 8:58,LOWER MORELAND,59PD,1
,-75.2946732,MONTGOMERY AVE & WOODSIDE RD;  LOWER MERION; Station 313; 2016-02-11 @ 09:37:04;,19041,EMS: ALTERED MENTAL STATUS,2/11/2016 9:37,LOWER MERION,MONTGOMERY AVE & WOODSIDE RD,1
,-75.3604127,HAMILTON ST & W LAFAYETTE ST;  NORRISTOWN; Station 308A; 2016-02-11 @ 09:36:30;,19401,EMS: SEIZURES,2/11/2016 9:36,NORRISTOWN,HAMILTON ST & W LAFAYETTE ST,1
,-75.0553954,DALE RD & RED LION RD; LOWER MORELAND; 2016-02-11 @ 09:35:05;,19006,Traffic: VEHICLE ACCIDENT -,2/11/2016 9:35,LOWER MORELAND,DALE RD & RED LION RD,1
,-75.2631426,TOWNSHIP LINE RD & NORRISTOWN RD; WHITPAIN; 2016-02-11 @ 09:38:28;,,Traffic: VEHICLE ACCIDENT -,2/11/2016 9:38,WHITPAIN,TOWNSHIP LINE RD & NORRISTOWN RD,1
,-75.1955063,WELSH RD & TENNIS AVE; UPPER DUBLIN; 2016-02-11 @ 09:30:18;,19002,Traffic: VEHICLE ACCIDENT -,2/11/2016 9:30,UPPER DUBLIN,WELSH RD & TENNIS AVE,1
,-75.1955063,WELSH RD & TENNIS AVE; UPPER DUBLIN; 2016-02-11 @ 09:37:39;,19002,Traffic: VEHICLE ACCIDENT -,2/11/2016 9:37,UPPER DUBLIN,WELSH RD & TENNIS AVE,1
,-75.0994335,SUSQUEHANNA RD & MEETINGHOUSE RD; ABINGTON; 2016-02-11 @ 09:41:30;,19046,Traffic: VEHICLE ACCIDENT -,2/11/2016 9:41,ABINGTON,SUSQUEHANNA RD & MEETINGHOUSE RD,1
,-75.2766067,CHICHESTER LN & OWEN RD; LOWER MERION; 2016-02-11 @ 09:44:36-Station:STA25;,19096,Fire: FIRE ALARM,2/11/2016 9:44,LOWER MERION,CHICHESTER LN & OWEN RD,1
,-75.2107603,E CITY AVE & PRESIDENTIAL BLVD; LOWER MERION; 2016-02-11 @ 09:44:05;,19004,Traffic: VEHICLE ACCIDENT -,2/11/2016 9:44,LOWER MERION,E CITY AVE & PRESIDENTIAL BLVD,1
,-75.2005825,LINCOLN DR & SUSQUEHANNA RD; UPPER DUBLIN; 2016-02-11 @ 09:45:47;,19002,Traffic: VEHICLE ACCIDENT -,2/11/2016 9:45,UPPER DUBLIN,LINCOLN DR & SUSQUEHANNA RD,1
,-75.2645671,OVERBROOK DR & GWYNEDD VALLEY DR;  LOWER GWYNEDD; Station 351; 2016-02-11 @ 09:46:07;,19002,EMS: FALL VICTIM,2/11/2016 9:46,LOWER GWYNEDD,OVERBROOK DR & GWYNEDD VALLEY DR,1
,-75.2554801,DEKALB PIKE & SUMNEYTOWN PIKE; LOWER GWYNEDD; 2016-02-11 @ 09:49:41;,19002,Traffic: DISABLED VEHICLE -,2/11/2016 9:49,LOWER GWYNEDD,DEKALB PIKE & SUMNEYTOWN PIKE,1
,-75.458221,MAIN ST & 6TH AVE;  COLLEGEVILLE; Station 324; 2016-02-11 @ 09:50:46;,19426,EMS: NAUSEA/VOMITING,2/11/2016 9:50,COLLEGEVILLE,MAIN ST & 6TH AVE,1
,-75.4084631,SHANNONDELL DR & SHANNONDELL BLVD;  LOWER PROVIDENCE; Station 322A; 2016-02-11 @ 09:48:22;,19403,EMS: MEDICAL ALERT ALARM,2/11/2016 9:48,LOWER PROVIDENCE,SHANNONDELL DR & SHANNONDELL BLVD,1
,-75.4145642,S TROOPER RD & MONROE BLVD; LOWER PROVIDENCE; 2016-02-11 @ 09:47:49;,19403,Traffic: VEHICLE ACCIDENT -,2/11/2016 9:47,LOWER PROVIDENCE,S TROOPER RD & MONROE BLVD,1
,-75.1410849,FERNBROOK AVE & MAPLE AVE;  CHELTENHAM; Station 358A; 2016-02-11 @ 09:52:27;,19095,EMS: ALTERED MENTAL STATUS,2/11/2016 9:52,CHELTENHAM,FERNBROOK AVE & MAPLE AVE,1
,-75.1747499,SUSQUEHANNA RD & WATER TOWER DR;  UPPER DUBLIN; Station 351; 2016-02-11 @ 09:53:31;,19025,EMS: RESPIRATORY EMERGENCY,2/11/2016 9:53,UPPER DUBLIN,SUSQUEHANNA RD & WATER TOWER DR,1
,-75.3209221,BROAD ST & N MAIN ST; SOUDERTON; 2016-02-11 @ 09:51:46;,18964,Traffic: DISABLED VEHICLE -,2/11/2016 9:51,SOUDERTON,BROAD ST & N MAIN ST,1
,-75.0616535,WELSH RD & PACKARD AVE; LOWER MORELAND; 2016-02-11 @ 09:53:30;,19006,Traffic: DISABLED VEHICLE -,2/11/2016 9:53,LOWER MORELAND,WELSH RD & PACKARD AVE,1
,-75.2662182,RIVER RD & MANOR RD; WHITEMARSH; 2016-02-11 @ 09:54:18;,19428,Traffic: ROAD OBSTRUCTION -,2/11/2016 9:54,WHITEMARSH,RIVER RD & MANOR RD,1
,-75.3763943,MAIN ST & CLEMENS RD;  LOWER SALFORD; Station 344; 2016-02-11 @ 09:59:55;,19438,EMS: CARDIAC EMERGENCY,2/11/2016 9:59,LOWER SALFORD,MAIN ST & CLEMENS RD,1
,-75.3342572,OAK ST & WALNUT ST;  NORRISTOWN; Station 308A; 2016-02-11 @ 10:02:53;,19401,EMS: FALL VICTIM,2/11/2016 10:02,NORRISTOWN,OAK ST & WALNUT ST,1
,-75.1226275,HIGHLAND AVE & HORACE AVE;  ABINGTON; Station 381; 2016-02-11 @ 10:05:54;,19001,EMS: GENERAL WEAKNESS,2/11/2016 10:05,ABINGTON,HIGHLAND AVE & HORACE AVE,1
,-75.3785247,SINGLE TREE LN & WAGON WHEEL RD;  WEST NORRITON; Station 308B; 2016-02-11 @ 10:03:27;,19403,EMS: MEDICAL ALERT ALARM,2/11/2016 10:03,WEST NORRITON,SINGLE TREE LN & WAGON WHEEL RD,1
,-75.458221,MAIN ST & 6TH AVE;  COLLEGEVILLE; Station 324; 2016-02-11 @ 10:01:49;,19426,EMS: NAUSEA/VOMITING,2/11/2016 10:01,COLLEGEVILLE,MAIN ST & 6TH AVE,1
,-75.1129323,CHELTENHAM AVE & ROWLAND AVE;  CHELTENHAM; Station 358; 2016-02-11 @ 10:07:59;,19120,EMS: FALL VICTIM,2/11/2016 10:07,CHELTENHAM,CHELTENHAM AVE & ROWLAND AVE,1
,-75.678081,FAIRVIEW ST & ELM ST;  WEST POTTSGROVE; Station 329; 2016-02-11 @ 10:10:08;,19464,EMS: SUBJECT IN PAIN,2/11/2016 10:10,WEST POTTSGROVE,FAIRVIEW ST & ELM ST,1
,-75.3281748,LUTHERAN HOME DR & DEAD END;  TELFORD; Station 339; 2016-02-11 @ 10:13:30;,,EMS: SUBJECT IN PAIN,2/11/2016 10:13,TELFORD,LUTHERAN HOME DR & DEAD END,1
,-75.2513898,LEWIS LN & MILES DR; WHITPAIN; 2016-02-11 @ 10:11:55;,19422,Traffic: DISABLED VEHICLE -,2/11/2016 10:11,WHITPAIN,LEWIS LN & MILES DR,1
,-75.2498518,RIDGE PIKE & BARREN HILL RD; WHITEMARSH; 2016-02-11 @ 10:20:14;,19444,Traffic: ROAD OBSTRUCTION -,2/11/2016 10:20,WHITEMARSH,RIDGE PIKE & BARREN HILL RD,1
,-75.2829046,SCHUYLKILL EXPY & HOLLOW RD UNDERPASS; LOWER MERION; 2016-02-11 @ 10:17:00;,,Traffic: VEHICLE ACCIDENT -,2/11/2016 10:17,LOWER MERION,SCHUYLKILL EXPY & HOLLOW RD UNDERPASS,1
,-75.3850033,STUMP HALL RD & CEDARS RD;  SKIPPACK; Station 336; 2016-02-11 @ 10:24:44;,19426,EMS: CVA/STROKE,2/11/2016 10:24,SKIPPACK,STUMP HALL RD & CEDARS RD,1
,-75.2759368,CHESTNUT ST & ELM DR;  LANSDALE; Station 345; 2016-02-11 @ 10:24:07;,19446,EMS: HEMORRHAGING,2/11/2016 10:24,LANSDALE,CHESTNUT ST & ELM DR,1
,-75.6404302,HALE ST & SPRUCE ALY;  POTTSTOWN; Station 329; 2016-02-11 @ 10:26:09;,19464,EMS: GENERAL WEAKNESS,2/11/2016 10:26,POTTSTOWN,HALE ST & SPRUCE ALY,1
,-75.1370254,VALLEY RD & RR OVERPASS; CHELTENHAM; 2016-02-11 @ 10:32:55-Station:STA3;,,Fire: FIRE ALARM,2/11/2016 10:32,CHELTENHAM,VALLEY RD & RR OVERPASS,1
,-75.6289417,SOUTH ST & CENTER AVE;  POTTSTOWN; Station 329; 2016-02-11 @ 10:31:16;,19464,EMS: ABDOMINAL PAINS,2/11/2016 10:31,POTTSTOWN,SOUTH ST & CENTER AVE,1
,-75.1392426,WELSH RD & COMPUTER AVE;  UPPER MORELAND; Station 384; 2016-02-11 @ 10:34:50;,19090,EMS: FALL VICTIM,2/11/2016 10:34,UPPER MORELAND,WELSH RD & COMPUTER AVE,1
,-75.6453841,WALNUT ST & N EVANS ST;  POTTSTOWN; Station 329; 2016-02-11 @ 10:34:15;,19464,EMS: RESPIRATORY EMERGENCY,2/11/2016 10:34,POTTSTOWN,WALNUT ST & N EVANS ST,1
,-75.3369417,POWELL ST & E WOOD ST;  NORRISTOWN; Station 308A; 2016-02-11 @ 10:40:15;,19401,EMS: CARDIAC EMERGENCY,2/11/2016 10:40,NORRISTOWN,POWELL ST & E WOOD ST,1
,-75.4927278,RAMP RT422 EB TO EGYPT RD & RT422 EB; UPPER PROVIDENCE; 2016-02-11 @ 10:36:47;,,Traffic: DISABLED VEHICLE -,2/11/2016 10:36,UPPER PROVIDENCE,RAMP RT422 EB TO EGYPT RD & RT422 EB,1
,-75.3395387,DEKALB ST & E OAK ST; NORRISTOWN; 2016-02-11 @ 10:39:03;,19401,Traffic: VEHICLE ACCIDENT -,2/11/2016 10:39,NORRISTOWN,DEKALB ST & E OAK ST,1
,-75.2765999,WOODLAND DR & E MAIN ST; LANSDALE; 2016-02-11 @ 10:36:39;,19446,Traffic: VEHICLE ACCIDENT -,2/11/2016 10:36,LANSDALE,WOODLAND DR & E MAIN ST,1
,-75.4084631,SHANNONDELL DR & SHANNONDELL BLVD;  LOWER PROVIDENCE; Station 322A; 2016-02-11 @ 10:42:20;,19403,EMS: CVA/STROKE,2/11/2016 10:42,LOWER PROVIDENCE,SHANNONDELL DR & SHANNONDELL BLVD,1
,-75.5274829,S TOWNSHIP LINE RD & WALNUT ST; LIMERICK; 2016-02-11 @ 10:42:16;,19468,Traffic: VEHICLE ACCIDENT -,2/11/2016 10:42,LIMERICK,S TOWNSHIP LINE RD & WALNUT ST,1
,-75.3395387,DEKALB ST & E OAK ST;  NORRISTOWN; Station 308A; 2016-02-11 @ 10:50:15;,19401,EMS: VEHICLE ACCIDENT,2/11/2016 10:50,NORRISTOWN,DEKALB ST & E OAK ST,1
,-75.5293295,LEWIS RD & SPRING ST;  LIMERICK; Station 325; 2016-02-11 @ 10:48:20;,19468,EMS: SUBJECT IN PAIN,2/11/2016 10:48,LIMERICK,LEWIS RD & SPRING ST,1
,-75.2187019,BETHLEHEM PIKE & TENNIS AVE;  AMBLER; Station 351; 2016-02-11 @ 10:54:39;,19002,EMS: RESPIRATORY EMERGENCY,2/11/2016 10:54,AMBLER,BETHLEHEM PIKE & TENNIS AVE,1
,-75.1781989,IVY HILL RD & BAYARD ST;  SPRINGFIELD; Station 311; 2016-02-11 @ 10:55:52;,19150,EMS: UNRESPONSIVE SUBJECT,2/11/2016 10:55,SPRINGFIELD,IVY HILL RD & BAYARD ST,1
,-75.1066418,YORK RD & WILLIAMS LN; HATBORO; 2016-02-11 @ 11:03:04;,19040,Traffic: ROAD OBSTRUCTION -,2/11/2016 11:03,HATBORO,YORK RD & WILLIAMS LN,1
,-75.2026581,WOODS DR & E BUTLER PIKE; UPPER DUBLIN; 2016-02-11 @ 11:05:53;,19002,Traffic: VEHICLE ACCIDENT -,2/11/2016 11:05,UPPER DUBLIN,WOODS DR & E BUTLER PIKE,1
,-75.2569627,CITY AVE & HOLLINGSWORTH RD;  LOWER MERION; Station 313; 2016-02-11 @ 11:08:52;,19151,EMS: CVA/STROKE,2/11/2016 11:08,LOWER MERION,CITY AVE & HOLLINGSWORTH RD,1
,-75.4637796,MAIN ST & WALNUT ST;  SCHWENKSVILLE; Station 331; 2016-02-11 @ 11:14:30;,19473,EMS: OVERDOSE,2/11/2016 11:14,SCHWENKSVILLE,MAIN ST & WALNUT ST,1
,-75.120243,OLD YORK RD & HORACE AVE;  ABINGTON; Station 381; 2016-02-11 @ 11:20:35;,19001,EMS: RESPIRATORY EMERGENCY,2/11/2016 11:20,ABINGTON,OLD YORK RD & HORACE AVE,1
,-75.127689,OLD YORK RD & MEETINGHOUSE RD;  CHELTENHAM; Station 358; 2016-02-11 @ 11:24:55;,19027,EMS: RESPIRATORY EMERGENCY,2/11/2016 11:24,CHELTENHAM,OLD YORK RD & MEETINGHOUSE RD,1
,-75.333814,BROWN ST & PINE ST; NORRISTOWN; 2016-02-11 @ 11:29:55-Station:STA27;,19401,Fire: BUILDING FIRE,2/11/2016 11:29,NORRISTOWN,BROWN ST & PINE ST,1
,-75.2246178,W WELSH RD & N BETHLEHEM PIKE; LOWER GWYNEDD; 2016-02-11 @ 11:26:34;,19454,Traffic: VEHICLE ACCIDENT -,2/11/2016 11:26,LOWER GWYNEDD,W WELSH RD & N BETHLEHEM PIKE,1
,-75.2669971,HIGH GATE LN & PENLLYN BLUE BELL PIKE;  WHITPAIN; Station 385; 2016-02-11 @ 11:35:18;,19422,EMS: GENERAL WEAKNESS,2/11/2016 11:35,WHITPAIN,HIGH GATE LN & PENLLYN BLUE BELL PIKE,1
,-75.1895576,RT309 EXPY & FORT WASHINGTON AVE OVERPASS; UPPER DUBLIN; 2016-02-11 @ 11:35:06;,,Traffic: DISABLED VEHICLE -,2/11/2016 11:35,UPPER DUBLIN,RT309 EXPY & FORT WASHINGTON AVE OVERPASS,1
,-75.1895576,RT309 EXPY & FORT WASHINGTON AVE OVERPASS; UPPER DUBLIN; 2016-02-11 @ 11:35:32;,,Traffic: DISABLED VEHICLE -,2/11/2016 11:35,UPPER DUBLIN,RT309 EXPY & FORT WASHINGTON AVE OVERPASS,1
,-75.3126075,DEKALB PIKE & W GERMANTOWN PIKE; EAST NORRITON; 2016-02-11 @ 11:45:33-Station:STA61;,19401,Fire: BUILDING FIRE,2/11/2016 11:45,EAST NORRITON,DEKALB PIKE & W GERMANTOWN PIKE,1
,-75.2695399,LAFAYETTE AVE & WISSAHICKON GREEN RIBBON TRL;  WHITEMARSH; Station 318; 2016-02-11 @ 11:41:56;,19454,EMS: DIABETIC EMERGENCY,2/11/2016 11:41,WHITEMARSH,LAFAYETTE AVE & WISSAHICKON GREEN RIBBON TRL,1
,-75.541718,RIVERFRONT DR & DIAMOND PL;  ROYERSFORD; Station 325; 2016-02-11 @ 11:42:35;,19468,EMS: FALL VICTIM,2/11/2016 11:42,ROYERSFORD,RIVERFRONT DR & DIAMOND PL,1
,-75.414699,1ST AVE & FREEDOM DR;  UPPER MERION; Station 317; 2016-02-11 @ 11:44:18;,19406,EMS: RESPIRATORY EMERGENCY,2/11/2016 11:44,UPPER MERION,1ST AVE & FREEDOM DR,1
,-75.3365996,SPRING VALLEY RD & MORRIS RD;  TOWAMENCIN; Station 345B; 2016-02-11 @ 11:48:00;,19446,EMS: FALL VICTIM,2/11/2016 11:48,TOWAMENCIN,SPRING VALLEY RD & MORRIS RD,1
,-75.3159164,PASTURE LN & MIDDLE RD;  LOWER MERION; Station 313A; 2016-02-11 @ 11:53:51;,19010,EMS: SUBJECT IN PAIN,2/11/2016 11:53,LOWER MERION,PASTURE LN & MIDDLE RD,1
,-75.6468446,S READING AVE;  BERKS COUNTY; Station EMS; 2016-02-11 @ 12:00:14;,19512,EMS: FALL VICTIM,2/11/2016 12:00,BERKS COUNTY,S READING AVE,1
,-75.458221,MAIN ST & 6TH AVE;  COLLEGEVILLE; Station 324; 2016-02-11 @ 11:56:51;,19426,EMS: NAUSEA/VOMITING,2/11/2016 11:56,COLLEGEVILLE,MAIN ST & 6TH AVE,1
,-75.1606096,SPRING HILL DR & WELSH RD; UPPER DUBLIN; 2016-02-11 @ 11:57:51;,19002,Traffic: ROAD OBSTRUCTION -,2/11/2016 11:57,UPPER DUBLIN,SPRING HILL DR & WELSH RD,1
,-75.1084376,TERWOOD RD & BEAR BLVD; UPPER MORELAND; 2016-02-11 @ 11:56:16;,19090,Traffic: VEHICLE ACCIDENT -,2/11/2016 11:56,UPPER MORELAND,TERWOOD RD & BEAR BLVD,1
,-75.4870743,MIMOSA CT & W 6TH ST;  RED HILL; Station 369; 2016-02-11 @ 12:01:00;,18076,EMS: FALL VICTIM,2/11/2016 12:01,RED HILL,MIMOSA CT & W 6TH ST,1
,-75.2897264,DEER RUN RD & SCHWAB RD;  HATFIELD TOWNSHIP; Station 345; 2016-02-11 @ 12:01:46;,19440,EMS: MATERNITY,2/11/2016 12:01,HATFIELD TOWNSHIP,DEER RUN RD & SCHWAB RD,1
,-75.6033497,RT422 BYP & S PLEASANTVIEW RD OVERPASS; LOWER POTTSGROVE; 2016-02-11 @ 12:07:16;,,Traffic: VEHICLE ACCIDENT -,2/11/2016 12:07,LOWER POTTSGROVE,RT422 BYP & S PLEASANTVIEW RD OVERPASS,1
40.0837614,-75.1022513,DAVISVILLE RD & PENNYPACK RD;  UPPER MORELAND; Station 381; 2016-02-11 @ 12:09:33;,19040,EMS: UNCONSCIOUS SUBJECT,2/11/2016 12:09,UPPER MORELAND,DAVISVILLE RD & PENNYPACK RD,1
40.2477656,-75.3489926,DEKALB ST & W 9TH ST; BRIDGEPORT; 2016-02-11 @ 12:18:56;,19405,Traffic: VEHICLE ACCIDENT -,2/11/2016 12:18,BRIDGEPORT,DEKALB ST & W 9TH ST,1
40.0249667,-75.652588,RIVER RD & S YORK ST;  CHESTER COUNTY; Station 3A84; 2016-02-11 @ 12:23:01;,19465,EMS: CARDIAC EMERGENCY,2/11/2016 12:23,CHESTER COUNTY,RIVER RD & S YORK ST,1
40.0249667,-75.355104,HENDERSON RD & SHOEMAKER RD;  UPPER MERION; Station 317; 2016-02-11 @ 12:24:05;,19406,EMS: SYNCOPAL EPISODE,2/11/2016 12:24,UPPER MERION,HENDERSON RD & SHOEMAKER RD,1
40.2467752,-75.3425959,MARKLEY ST & W SPRUCE ST; NORRISTOWN; 2016-02-11 @ 12:24:58;,19401,Traffic: VEHICLE ACCIDENT -,2/11/2016 12:24,NORRISTOWN,MARKLEY ST & W SPRUCE ST,1
40.1405049,-75.3012404,GALLAGHER RD;  PLYMOUTH; Station 308; 2016-02-11 @ 12:28:08;,,EMS: CARDIAC EMERGENCY,2/11/2016 12:28,PLYMOUTH,GALLAGHER RD,1
40.1508958,-75.290816,LANCASTER AVE & STATION AVE; LOWER MERION; 2016-02-11 @ 12:32:48;,19003,Traffic: VEHICLE ACCIDENT -,2/11/2016 12:32,LOWER MERION,LANCASTER AVE & STATION AVE,1
40.1194993,-75.3179101,OLD ARCH RD & BIRCHWOOD DR;  EAST NORRITON; Station 308; 2016-02-11 @ 12:36:39;,19401,EMS: RESPIRATORY EMERGENCY,2/11/2016 12:36,EAST NORRITON,OLD ARCH RD & BIRCHWOOD DR,1
40.1291121,-75.5921595,N PLEASANT VIEW RD & WELSH DR; LOWER POTTSGROVE; 2016-02-11 @ 12:38:19;,19464,Traffic: HAZARDOUS ROAD CONDITIONS -,2/11/2016 12:38,LOWER POTTSGROVE,N PLEASANT VIEW RD & WELSH DR,1
